<?xml version="1.0" encoding="UTF-8"?>
<project-private xmlns="http://www.netbeans.org/ns/project-private/1">
    <editor-bookmarks xmlns="http://www.netbeans.org/ns/editor-bookmarks/2" lastBookmarkId="0"/>
    <open-files xmlns="http://www.netbeans.org/ns/projectui-open-files/2">
        <group>
            <file>file:/C:/Users/pvale/OneDrive/Documentos/NetBeansProjects/Tarea1_Biblioteca_Multa/src/tarea1_biblioteca_multa/Multa.java</file>
            <file>file:/C:/Users/pvale/OneDrive/Documentos/NetBeansProjects/Tarea1_Biblioteca_Multa/src/tarea1_biblioteca_multa/Tarea1_Biblioteca_Multa.java</file>
        </group>
    </open-files>
</project-private>
